id;title;image;description
1;Borders reboot;Car;Silver
2;seize;Licensed bypass;Strategist TCP
3;Innovative Awesome District;Officer;neural-net Car
4;payment;Avon;Generic Wooden Gloves East Caribbean Dollar
5;Gloves innovate JSON;magnetic Garden Tasty;Alley connect
6;Strategist Tasty;Iceland Krona;digital Awesome
7;mobile Singapore;multi-tasking seize;Planner back-end
8;Automotive enable deposit;empower;Beauty
9;Centers pixel Licensed Soft Chicken;Regional optical;teal optical Peru
10;Incredible;Garden;Licensed
